combination,installment
500/12,46
1000/12,91
2000/12,182
3000/12,272
4000/12,363
5000/12,453
6000/12,544
7000/12,634
8000/12,725
9000/12,816
10000/12,906
15000/12,1359
500/24,25
1000/24,49
2000/24,98
3000/24,147
4000/24,196
5000/24,245
6000/24,293
7000/24,342
8000/24,391
9000/24,440
10000/24,489
15000/24,733
500/36,18
1000/36,35
2000/36,70
3000/36,105
4000/36,140
5000/36,175
6000/36,210
7000/36,245
8000/36,280
9000/36,315
10000/36,350
15000/36,524
500/48,14
1000/48,28
2000/48,56
3000/48,84
4000/48,112
5000/48,140
6000/48,168
7000/48,196
8000/48,224
9000/48,252
10000/48,280
15000/48,420
500/60,12
1000/60,24
2000/60,48
3000/60,72
4000/60,96
5000/60,120
6000/60,143
7000/60,167
8000/60,191
9000/60,215
10000/60,239
15000/60,358
500/72,11
1000/72,22
2000/72,43
3000/72,64
4000/72,85
5000/72,106
6000/72,127
7000/72,148
8000/72,169
9000/72,190
10000/72,211
15000/72,316
